                  epoch,         train/box_loss,         train/cls_loss,         train/dfl_loss,   metrics/precision(B),      metrics/recall(B),       metrics/mAP50(B),    metrics/mAP50-95(B),           val/box_loss,           val/cls_loss,           val/dfl_loss,                 lr/pg0,                 lr/pg1,                 lr/pg2
                      1,                 1.7704,                 3.9107,                 1.8275,                0.83022,                0.05617,                0.13079,                0.05338,                 1.8001,                 3.3251,                 1.8011,             0.00015676,             0.00015676,             0.00015676
                      2,                 1.5513,                 2.7757,                 1.6143,                0.43163,                0.38955,                0.27772,                 0.1258,                 1.7826,                 2.0891,                 1.8177,             0.00025297,             0.00025297,             0.00025297
                      3,                  1.499,                  2.231,                 1.5785,                0.49313,                0.45874,                0.39292,                0.17623,                 1.7805,                  1.926,                 1.8317,             0.00028635,             0.00028635,             0.00028635
                      4,                 1.4391,                 1.9844,                 1.5253,                0.42606,                 0.4798,                 0.4149,                0.19462,                 1.8065,                 1.7896,                 1.8349,             0.00019326,             0.00019326,             0.00019326
                      5,                 1.3683,                 1.8254,                 1.4717,                0.48486,                0.50248,                0.48061,                0.21918,                 1.8293,                 1.6675,                 1.8268,             9.9008e-05,             9.9008e-05,             9.9008e-05
