                  epoch,         train/box_loss,         train/cls_loss,         train/dfl_loss,   metrics/precision(B),      metrics/recall(B),       metrics/mAP50(B),    metrics/mAP50-95(B),           val/box_loss,           val/cls_loss,           val/dfl_loss,                 lr/pg0,                 lr/pg1,                 lr/pg2
                      1,                 1.9243,                  2.836,                 2.0017,                   0.01,                0.39474,                0.12811,                0.07969,                 1.9328,                 3.2058,                 1.9446,                0.00018,                0.00018,                0.00018
                      2,                  1.843,                 2.4519,                 1.9406,                0.01867,                0.73684,                0.12674,                0.06204,                 1.9048,                 3.0828,                 1.7853,              0.0001919,              0.0001919,              0.0001919
